{
  "period": "2026-02-10",
  "groq": {
    "calls": 0,
    "estimatedCost": 0
  },
  "dexscreener": {
    "calls": 76,
    "estimatedCost": 0.0038000000000000035
  },
  "helius": {
    "calls": 76,
    "estimatedCost": 0.019000000000000013
  },
  "solanatracker": {
    "calls": 0,
    "estimatedCost": 0
  },
  "totalCost": 0.022800000000000036,
  "tradesCount": 0
}