{
  "period": "2026-02-10",
  "groq": {
    "calls": 0,
    "estimatedCost": 0
  },
  "dexscreener": {
    "calls": 75,
    "estimatedCost": 0.0037500000000000033
  },
  "helius": {
    "calls": 75,
    "estimatedCost": 0.018750000000000013
  },
  "solanatracker": {
    "calls": 0,
    "estimatedCost": 0
  },
  "totalCost": 0.022500000000000034,
  "tradesCount": 0
}