{
  "period": "2026-02-10",
  "groq": {
    "calls": 0,
    "estimatedCost": 0
  },
  "dexscreener": {
    "calls": 40,
    "estimatedCost": 0.0019999999999999987
  },
  "helius": {
    "calls": 40,
    "estimatedCost": 0.010000000000000007
  },
  "solanatracker": {
    "calls": 0,
    "estimatedCost": 0
  },
  "totalCost": 0.011999999999999999,
  "tradesCount": 0
}