{
  "period": "2026-02-10",
  "groq": {
    "calls": 0,
    "estimatedCost": 0
  },
  "dexscreener": {
    "calls": 97,
    "estimatedCost": 0.004849999999999998
  },
  "helius": {
    "calls": 97,
    "estimatedCost": 0.024250000000000018
  },
  "solanatracker": {
    "calls": 0,
    "estimatedCost": 0
  },
  "totalCost": 0.02910000000000007,
  "tradesCount": 0
}