{
  "period": "2026-02-10",
  "groq": {
    "calls": 0,
    "estimatedCost": 0
  },
  "dexscreener": {
    "calls": 104,
    "estimatedCost": 0.005199999999999996
  },
  "helius": {
    "calls": 104,
    "estimatedCost": 0.02600000000000002
  },
  "solanatracker": {
    "calls": 0,
    "estimatedCost": 0
  },
  "totalCost": 0.031200000000000082,
  "tradesCount": 0
}