{
  "period": "2026-02-10",
  "groq": {
    "calls": 0,
    "estimatedCost": 0
  },
  "dexscreener": {
    "calls": 109,
    "estimatedCost": 0.005449999999999995
  },
  "helius": {
    "calls": 109,
    "estimatedCost": 0.02725000000000002
  },
  "solanatracker": {
    "calls": 0,
    "estimatedCost": 0
  },
  "totalCost": 0.03270000000000009,
  "tradesCount": 0
}