{
  "period": "2026-02-10",
  "groq": {
    "calls": 0,
    "estimatedCost": 0
  },
  "dexscreener": {
    "calls": 100,
    "estimatedCost": 0.0049999999999999975
  },
  "helius": {
    "calls": 100,
    "estimatedCost": 0.02500000000000002
  },
  "solanatracker": {
    "calls": 0,
    "estimatedCost": 0
  },
  "totalCost": 0.030000000000000075,
  "tradesCount": 0
}