{
  "period": "2026-02-10",
  "groq": {
    "calls": 0,
    "estimatedCost": 0
  },
  "dexscreener": {
    "calls": 46,
    "estimatedCost": 0.0022999999999999995
  },
  "helius": {
    "calls": 46,
    "estimatedCost": 0.011500000000000008
  },
  "solanatracker": {
    "calls": 0,
    "estimatedCost": 0
  },
  "totalCost": 0.013799999999999998,
  "tradesCount": 0
}