{
  "period": "2026-02-10",
  "groq": {
    "calls": 0,
    "estimatedCost": 0
  },
  "dexscreener": {
    "calls": 106,
    "estimatedCost": 0.005299999999999996
  },
  "helius": {
    "calls": 106,
    "estimatedCost": 0.02650000000000002
  },
  "solanatracker": {
    "calls": 0,
    "estimatedCost": 0
  },
  "totalCost": 0.031800000000000085,
  "tradesCount": 0
}