{
  "started": "2026-02-10T00:00:00Z",
  "totalTrades": 3,
  "winningTrades": 2,
  "losingTrades": 1,
  "totalProfit": 8.7,
  "totalLoss": 2.1,
  "netProfit": 6.6,
  "bestTrade": 5.5,
  "worstTrade": -2.1,
  "lastTradeTime": 1771466896226,
  "daysAlive": 9,
  "survivalRate": "66.7",
  "totalCost": 0.0006000000000000001,
  "netProfitAfterCost": 6.593999999999999
}